name;age;job
Dolore Modi;31;Etincidunt modi amet quisquam dolore.
Modi Aliquam;30;Sit non ut eius etincidunt.
Velit Velit;67;Dolore sed sit quiquia modi labore sed.
Etincidunt Quiquia;26;Sit sit non est modi.
Sit Quaerat;46;Ipsum est adipisci amet.
Etincidunt Quiquia;22;Quisquam quisquam amet sed.
Magnam Ut;44;Neque adipisci voluptatem labore.
Dolor Adipisci;30;Dolore non eius labore velit porro quisquam consectetur.
Eius Porro;43;Amet est etincidunt dolorem.
Quisquam Eius;18;Voluptatem dolor labore aliquam labore modi aliquam.
Neque Modi;30;Dolorem est quisquam dolore est ipsum.
Dolore Numquam;65;Voluptatem etincidunt sit non.
Sed Porro;49;Velit aliquam velit amet.
Aliquam Voluptatem;35;Velit tempora sit consectetur dolore neque.
Etincidunt Voluptatem;62;Voluptatem dolore ipsum modi.
Numquam Labore;51;Neque eius consectetur ipsum dolore est.
Quisquam Numquam;44;Dolore numquam est est adipisci ut numquam.
Voluptatem Consectetur;35;Est dolorem tempora amet.
Adipisci Quiquia;58;Non porro porro eius sed est.
